{
 "schema": "fold-geometry/1",
 "tiling": "equilateral",
 "bounds": {
  "m": 2,
  "n": 2
 },
 "ids": [
  [
   0,
   0,
   "D"
  ],
  [
   0,
   0,
   "U"
  ],
  [
   0,
   1,
   "D"
  ],
  [
   0,
   1,
   "U"
  ],
  [
   1,
   0,
   "D"
  ],
  [
   1,
   0,
   "U"
  ],
  [
   1,
   1,
   "D"
  ],
  [
   1,
   1,
   "U"
  ]
 ],
 "polys": [
  [
   [
    1.0,
    0.0
   ],
   [
    0.5,
    0.866025404
   ],
   [
    1.5,
    0.866025404
   ]
  ],
  [
   [
    0.0,
    0.0
   ],
   [
    1.0,
    0.0
   ],
   [
    0.5,
    0.866025404
   ]
  ],
  [
   [
    1.5,
    0.866025404
   ],
   [
    1.0,
    1.732050808
   ],
   [
    2.0,
    1.732050808
   ]
  ],
  [
   [
    0.5,
    0.866025404
   ],
   [
    1.5,
    0.866025404
   ],
   [
    1.0,
    1.732050808
   ]
  ],
  [
   [
    2.0,
    0.0
   ],
   [
    1.5,
    0.866025404
   ],
   [
    2.5,
    0.866025404
   ]
  ],
  [
   [
    1.0,
    0.0
   ],
   [
    2.0,
    0.0
   ],
   [
    1.5,
    0.866025404
   ]
  ],
  [
   [
    2.5,
    0.866025404
   ],
   [
    2.0,
    1.732050808
   ],
   [
    3.0,
    1.732050808
   ]
  ],
  [
   [
    1.5,
    0.866025404
   ],
   [
    2.5,
    0.866025404
   ],
   [
    2.0,
    1.732050808
   ]
  ]
 ],
 "adj": [
  [
   0,
   1
  ],
  [
   0,
   3
  ],
  [
   0,
   5
  ],
  [
   2,
   3
  ],
  [
   2,
   7
  ],
  [
   4,
   5
  ],
  [
   4,
   7
  ],
  [
   6,
   7
  ]
 ]
}
