{
 "schema": "fold-geometry/1",
 "tiling": "hex",
 "bounds": {
  "m": 2,
  "n": 2
 },
 "ids": [
  [
   0,
   0
  ],
  [
   0,
   1
  ],
  [
   1,
   0
  ],
  [
   1,
   1
  ]
 ],
 "polys": [
  [
   [
    1.0,
    0.0
   ],
   [
    0.5,
    0.866025404
   ],
   [
    -0.5,
    0.866025404
   ],
   [
    -1.0,
    0.0
   ],
   [
    -0.5,
    -0.866025404
   ],
   [
    0.5,
    -0.866025404
   ]
  ],
  [
   [
    1.0,
    1.732050808
   ],
   [
    0.5,
    2.598076211
   ],
   [
    -0.5,
    2.598076211
   ],
   [
    -1.0,
    1.732050808
   ],
   [
    -0.5,
    0.866025404
   ],
   [
    0.5,
    0.866025404
   ]
  ],
  [
   [
    2.5,
    0.866025404
   ],
   [
    2.0,
    1.732050808
   ],
   [
    1.0,
    1.732050808
   ],
   [
    0.5,
    0.866025404
   ],
   [
    1.0,
    0.0
   ],
   [
    2.0,
    0.0
   ]
  ],
  [
   [
    2.5,
    2.598076211
   ],
   [
    2.0,
    3.464101615
   ],
   [
    1.0,
    3.464101615
   ],
   [
    0.5,
    2.598076211
   ],
   [
    1.0,
    1.732050808
   ],
   [
    2.0,
    1.732050808
   ]
  ]
 ],
 "adj": [
  [
   0,
   1
  ],
  [
   0,
   2
  ],
  [
   1,
   2
  ],
  [
   1,
   3
  ],
  [
   2,
   3
  ]
 ]
}
