{
 "schema": "fold-geometry/1",
 "tiling": "scalene",
 "bounds": {
  "m": 1,
  "n": 1
 },
 "ids": [
  [
   0,
   0,
   "D",
   0,
   1
  ],
  [
   0,
   0,
   "D",
   0,
   2
  ],
  [
   0,
   0,
   "D",
   1,
   0
  ],
  [
   0,
   0,
   "D",
   1,
   2
  ],
  [
   0,
   0,
   "D",
   2,
   0
  ],
  [
   0,
   0,
   "D",
   2,
   1
  ],
  [
   0,
   0,
   "U",
   0,
   1
  ],
  [
   0,
   0,
   "U",
   0,
   2
  ],
  [
   0,
   0,
   "U",
   1,
   0
  ],
  [
   0,
   0,
   "U",
   1,
   2
  ],
  [
   0,
   0,
   "U",
   2,
   0
  ],
  [
   0,
   0,
   "U",
   2,
   1
  ]
 ],
 "polys": [
  [
   [
    1.0,
    0.0
   ],
   [
    0.75,
    0.433012702
   ],
   [
    1.0,
    0.577350269
   ]
  ],
  [
   [
    1.0,
    0.0
   ],
   [
    1.25,
    0.433012702
   ],
   [
    1.0,
    0.577350269
   ]
  ],
  [
   [
    0.5,
    0.866025404
   ],
   [
    0.75,
    0.433012702
   ],
   [
    1.0,
    0.577350269
   ]
  ],
  [
   [
    0.5,
    0.866025404
   ],
   [
    1.0,
    0.866025404
   ],
   [
    1.0,
    0.577350269
   ]
  ],
  [
   [
    1.5,
    0.866025404
   ],
   [
    1.25,
    0.433012702
   ],
   [
    1.0,
    0.577350269
   ]
  ],
  [
   [
    1.5,
    0.866025404
   ],
   [
    1.0,
    0.866025404
   ],
   [
    1.0,
    0.577350269
   ]
  ],
  [
   [
    0.0,
    0.0
   ],
   [
    0.5,
    0.0
   ],
   [
    0.5,
    0.288675135
   ]
  ],
  [
   [
    0.0,
    0.0
   ],
   [
    0.25,
    0.433012702
   ],
   [
    0.5,
    0.288675135
   ]
  ],
  [
   [
    1.0,
    0.0
   ],
   [
    0.5,
    0.0
   ],
   [
    0.5,
    0.288675135
   ]
  ],
  [
   [
    1.0,
    0.0
   ],
   [
    0.75,
    0.433012702
   ],
   [
    0.5,
    0.288675135
   ]
  ],
  [
   [
    0.5,
    0.866025404
   ],
   [
    0.25,
    0.433012702
   ],
   [
    0.5,
    0.288675135
   ]
  ],
  [
   [
    0.5,
    0.866025404
   ],
   [
    0.75,
    0.433012702
   ],
   [
    0.5,
    0.288675135
   ]
  ]
 ],
 "adj": [
  [
   0,
   1
  ],
  [
   0,
   2
  ],
  [
   0,
   9
  ],
  [
   1,
   4
  ],
  [
   2,
   3
  ],
  [
   2,
   11
  ],
  [
   3,
   5
  ],
  [
   4,
   5
  ],
  [
   6,
   7
  ],
  [
   6,
   8
  ],
  [
   7,
   10
  ],
  [
   8,
   9
  ],
  [
   9,
   11
  ],
  [
   10,
   11
  ]
 ]
}
